# vektor-bench run --runs 3 --commit 3411832 --data data/fashion-mnist-30k.vkd --ef-search 10,20,40,80,160,320,640,1280 --out results/fashion-mnist-30k.csv
# date: 2026-10-05T15:21:53Z
# commit: 3411832
# dataset: 30000 base vectors, 1000 queries, dim 784, l2
# cpu: Apple M2
# cores: 8 (4 performance)
# ram: 8.0 GB
# os: Darwin 25.6.0 arm64 (macOS 26.6.2)
# compiler: clang 21.0.0 (clang-2100.1.1.101)
# flags: Release: -O3 -DNDEBUG -fopenmp-simd -march=native
algo,select,visited,M,M_max0,ef_construction,ef_search,run,seed,k,recall,qps,mean_ms,p99_ms,build_s,memory_bytes,bytes_per_vector
exact,,,,,,,0,42,10,1.0000,555.0,1.8017,1.9103,,94080000,3136
hnsw,heuristic,tags,16,32,200,10,0,42,10,0.9490,22370.6,0.0447,0.0689,7.691,99653880,3321
hnsw,heuristic,tags,16,32,200,20,0,42,10,0.9857,14493.6,0.0690,0.1023,7.691,99653880,3321
hnsw,heuristic,tags,16,32,200,40,0,42,10,0.9972,9213.9,0.1085,0.1590,7.691,99653880,3321
hnsw,heuristic,tags,16,32,200,80,0,42,10,0.9993,5760.7,0.1736,0.2656,7.691,99653880,3321
hnsw,heuristic,tags,16,32,200,160,0,42,10,0.9997,3611.2,0.2769,0.4144,7.691,99653880,3321
hnsw,heuristic,tags,16,32,200,320,0,42,10,0.9999,2237.1,0.4470,0.6547,7.691,99653880,3321
hnsw,heuristic,tags,16,32,200,640,0,42,10,1.0000,1376.4,0.7265,1.0434,7.691,99653880,3321
hnsw,heuristic,tags,16,32,200,1280,0,42,10,1.0000,831.3,1.2030,1.6607,7.691,99653880,3321
exact,,,,,,,1,43,10,1.0000,555.7,1.7994,1.9218,,94080000,3136
hnsw,heuristic,tags,16,32,200,10,1,43,10,0.9465,22165.8,0.0451,0.0742,7.632,99662160,3322
hnsw,heuristic,tags,16,32,200,20,1,43,10,0.9862,14450.6,0.0692,0.1064,7.632,99662160,3322
hnsw,heuristic,tags,16,32,200,40,1,43,10,0.9973,9177.7,0.1090,0.1622,7.632,99662160,3322
hnsw,heuristic,tags,16,32,200,80,1,43,10,0.9994,5748.3,0.1740,0.2588,7.632,99662160,3322
hnsw,heuristic,tags,16,32,200,160,1,43,10,0.9997,3602.4,0.2776,0.4054,7.632,99662160,3322
hnsw,heuristic,tags,16,32,200,320,1,43,10,0.9999,2240.5,0.4463,0.6698,7.632,99662160,3322
hnsw,heuristic,tags,16,32,200,640,1,43,10,1.0000,1379.0,0.7252,1.0357,7.632,99662160,3322
hnsw,heuristic,tags,16,32,200,1280,1,43,10,1.0000,830.3,1.2044,1.6930,7.632,99662160,3322
exact,,,,,,,2,44,10,1.0000,557.6,1.7933,1.9101,,94080000,3136
hnsw,heuristic,tags,16,32,200,10,2,44,10,0.9454,22238.9,0.0450,0.0733,7.646,99665288,3322
hnsw,heuristic,tags,16,32,200,20,2,44,10,0.9858,14504.6,0.0689,0.1018,7.646,99665288,3322
hnsw,heuristic,tags,16,32,200,40,2,44,10,0.9971,9147.6,0.1093,0.1632,7.646,99665288,3322
hnsw,heuristic,tags,16,32,200,80,2,44,10,0.9993,5752.0,0.1739,0.2660,7.646,99665288,3322
hnsw,heuristic,tags,16,32,200,160,2,44,10,0.9997,3591.7,0.2784,0.4070,7.646,99665288,3322
hnsw,heuristic,tags,16,32,200,320,2,44,10,0.9999,2240.8,0.4463,0.6554,7.646,99665288,3322
hnsw,heuristic,tags,16,32,200,640,2,44,10,1.0000,1380.3,0.7245,1.0668,7.646,99665288,3322
hnsw,heuristic,tags,16,32,200,1280,2,44,10,1.0000,830.5,1.2041,1.6568,7.646,99665288,3322
