# vektor-bench run --runs 3 --commit 3411832 --data data/glove-100k.vkd --ef-search 10,20,40,80,160,320,640,1280 --out results/glove-100k.csv
# date: 2026-10-05T15:19:59Z
# commit: 3411832
# dataset: 100000 base vectors, 1000 queries, dim 100, cosine
# cpu: Apple M2
# cores: 8 (4 performance)
# ram: 8.0 GB
# os: Darwin 25.6.0 arm64 (macOS 26.6.2)
# compiler: clang 21.0.0 (clang-2100.1.1.101)
# flags: Release: -O3 -DNDEBUG -fopenmp-simd -march=native
algo,select,visited,M,M_max0,ef_construction,ef_search,run,seed,k,recall,qps,mean_ms,p99_ms,build_s,memory_bytes,bytes_per_vector
exact,,,,,,,0,42,10,1.0000,1139.2,0.8778,0.9808,,40000000,400
hnsw,heuristic,tags,16,32,200,10,0,42,10,0.6689,47895.5,0.0209,0.0384,16.754,58596528,585
hnsw,heuristic,tags,16,32,200,20,0,42,10,0.7879,28724.9,0.0348,0.0630,16.754,58596528,585
hnsw,heuristic,tags,16,32,200,40,0,42,10,0.8743,16936.2,0.0590,0.0865,16.754,58596528,585
hnsw,heuristic,tags,16,32,200,80,0,42,10,0.9385,9495.0,0.1053,0.1551,16.754,58596528,585
hnsw,heuristic,tags,16,32,200,160,0,42,10,0.9732,5203.7,0.1922,0.2737,16.754,58596528,585
hnsw,heuristic,tags,16,32,200,320,0,42,10,0.9889,2810.2,0.3559,0.4860,16.754,58596528,585
hnsw,heuristic,tags,16,32,200,640,0,42,10,0.9968,1506.3,0.6639,0.9326,16.754,58596528,585
hnsw,heuristic,tags,16,32,200,1280,0,42,10,0.9986,770.1,1.2985,1.9210,16.754,58596528,585
exact,,,,,,,1,43,10,1.0000,1139.7,0.8774,0.9789,,40000000,400
hnsw,heuristic,tags,16,32,200,10,1,43,10,0.6721,48218.9,0.0207,0.0373,16.859,58604440,586
hnsw,heuristic,tags,16,32,200,20,1,43,10,0.7893,29224.0,0.0342,0.0594,16.859,58604440,586
hnsw,heuristic,tags,16,32,200,40,1,43,10,0.8754,17050.1,0.0587,0.0920,16.859,58604440,586
hnsw,heuristic,tags,16,32,200,80,1,43,10,0.9379,9510.2,0.1052,0.1540,16.859,58604440,586
hnsw,heuristic,tags,16,32,200,160,1,43,10,0.9729,5197.6,0.1924,0.2758,16.859,58604440,586
hnsw,heuristic,tags,16,32,200,320,1,43,10,0.9891,2809.0,0.3560,0.4888,16.859,58604440,586
hnsw,heuristic,tags,16,32,200,640,1,43,10,0.9967,1508.9,0.6628,0.9181,16.859,58604440,586
hnsw,heuristic,tags,16,32,200,1280,1,43,10,0.9988,808.7,1.2366,1.7104,16.859,58604440,586
exact,,,,,,,2,44,10,1.0000,1140.2,0.8770,0.9830,,40000000,400
hnsw,heuristic,tags,16,32,200,10,2,44,10,0.6680,48330.9,0.0207,0.0394,16.847,58625324,586
hnsw,heuristic,tags,16,32,200,20,2,44,10,0.7892,29328.9,0.0341,0.0569,16.847,58625324,586
hnsw,heuristic,tags,16,32,200,40,2,44,10,0.8769,16988.5,0.0589,0.0916,16.847,58625324,586
hnsw,heuristic,tags,16,32,200,80,2,44,10,0.9384,9525.9,0.1050,0.1518,16.847,58625324,586
hnsw,heuristic,tags,16,32,200,160,2,44,10,0.9734,5218.8,0.1916,0.2601,16.847,58625324,586
hnsw,heuristic,tags,16,32,200,320,2,44,10,0.9890,2805.9,0.3564,0.4963,16.847,58625324,586
hnsw,heuristic,tags,16,32,200,640,2,44,10,0.9967,1508.4,0.6629,0.9134,16.847,58625324,586
hnsw,heuristic,tags,16,32,200,1280,2,44,10,0.9988,809.8,1.2349,1.6792,16.847,58625324,586
