# vektor-bench twonn --data data/sift-100k.vkd,data/glove-100k.vkd,data/fashion-mnist-30k.vkd,synthetic-4,synthetic-8,synthetic-16,synthetic-32,synthetic-64 --scope sample --sample 5000 --commit 3411832 --out results/intrinsic-dimension.csv
# date: 2026-10-05T15:35:15Z
# commit: 3411832
# cpu: Apple M2
# cores: 8 (4 performance)
# ram: 8.0 GB
# os: Darwin 25.6.0 arm64 (macOS 26.6.2)
# compiler: clang 21.0.0 (clang-2100.1.1.101)
# flags: Release: -O3 -DNDEBUG -fopenmp-simd -march=native
dataset,dim,n_base,metric,scope,sample,points_used,twonn,mle_k,mle
sift-100k,128,100000,l2,sample,5000,4998,19.336,20,18.637
glove-100k,100,100000,cosine,sample,5000,5000,27.148,20,29.786
fashion-mnist-30k,784,30000,l2,sample,5000,5000,14.410,20,14.324
synthetic-4,128,100000,l2,sample,5000,5000,4.035,20,4.301
synthetic-8,128,100000,l2,sample,5000,5000,8.041,20,8.139
synthetic-16,128,100000,l2,sample,5000,5000,14.130,20,14.002
synthetic-32,128,100000,l2,sample,5000,5000,23.009,20,21.878
synthetic-64,128,100000,l2,sample,5000,5000,32.680,20,30.608
