# vektor-bench twonn --data data/sift-100k.vkd,data/glove-100k.vkd,data/fashion-mnist-30k.vkd,synthetic-4,synthetic-8,synthetic-16,synthetic-32,synthetic-64 --scope all --sample 2000 --commit 3411832 --out results/intrinsic-dimension-all.csv
# date: 2026-10-05T15:35:26Z
# commit: 3411832
# cpu: Apple M2
# cores: 8 (4 performance)
# ram: 8.0 GB
# os: Darwin 25.6.0 arm64 (macOS 26.6.2)
# compiler: clang 21.0.0 (clang-2100.1.1.101)
# flags: Release: -O3 -DNDEBUG -fopenmp-simd -march=native
dataset,dim,n_base,metric,scope,sample,points_used,twonn,mle_k,mle
sift-100k,128,100000,l2,all,2000,1995,15.006,20,21.148
glove-100k,100,100000,cosine,all,2000,2000,23.394,20,31.058
fashion-mnist-30k,784,30000,l2,all,2000,2000,15.582,20,17.078
synthetic-4,128,100000,l2,all,2000,2000,4.200,20,4.272
synthetic-8,128,100000,l2,all,2000,2000,8.331,20,8.457
synthetic-16,128,100000,l2,all,2000,2000,15.272,20,15.275
synthetic-32,128,100000,l2,all,2000,2000,25.312,20,25.228
synthetic-64,128,100000,l2,all,2000,2000,36.982,20,36.545
