# vektor-bench run --runs 3 --commit 3411832 --data data/sift-100k.vkd --select simple,heuristic --out results/sift-100k-select.csv
# date: 2026-10-05T15:15:51Z
# commit: 3411832
# dataset: 100000 base vectors, 1000 queries, dim 128, l2
# cpu: Apple M2
# cores: 8 (4 performance)
# ram: 8.0 GB
# os: Darwin 25.6.0 arm64 (macOS 26.6.2)
# compiler: clang 21.0.0 (clang-2100.1.1.101)
# flags: Release: -O3 -DNDEBUG -fopenmp-simd -march=native
algo,select,visited,M,M_max0,ef_construction,ef_search,run,seed,k,recall,qps,mean_ms,p99_ms,build_s,memory_bytes,bytes_per_vector
exact,,,,,,,0,42,10,1.0000,921.5,1.0852,1.1857,,51200000,512
hnsw,simple,tags,16,32,200,10,0,42,10,0.7862,45636.2,0.0219,0.0372,15.192,69796528,697
hnsw,simple,tags,16,32,200,20,0,42,10,0.8790,28312.5,0.0353,0.0525,15.192,69796528,697
hnsw,simple,tags,16,32,200,40,0,42,10,0.9440,16567.2,0.0604,0.0890,15.192,69796528,697
hnsw,simple,tags,16,32,200,80,0,42,10,0.9802,9510.2,0.1052,0.1527,15.192,69796528,697
hnsw,simple,tags,16,32,200,160,0,42,10,0.9933,5425.5,0.1843,0.2574,15.192,69796528,697
hnsw,simple,tags,16,32,200,320,0,42,10,0.9978,3048.6,0.3280,0.4578,15.192,69796528,697
hnsw,heuristic,tags,16,32,200,10,0,42,10,0.7907,44153.3,0.0226,0.0375,16.475,69796528,697
hnsw,heuristic,tags,16,32,200,20,0,42,10,0.8985,27103.6,0.0369,0.0508,16.475,69796528,697
hnsw,heuristic,tags,16,32,200,40,0,42,10,0.9654,15738.5,0.0635,0.0848,16.475,69796528,697
hnsw,heuristic,tags,16,32,200,80,0,42,10,0.9934,8817.5,0.1134,0.1534,16.475,69796528,697
hnsw,heuristic,tags,16,32,200,160,0,42,10,0.9991,4974.3,0.2010,0.2750,16.475,69796528,697
hnsw,heuristic,tags,16,32,200,320,0,42,10,0.9999,2808.4,0.3561,0.4936,16.475,69796528,697
exact,,,,,,,1,43,10,1.0000,920.4,1.0865,1.1937,,51200000,512
hnsw,simple,tags,16,32,200,10,1,43,10,0.7841,45638.9,0.0219,0.0390,14.797,69804440,698
hnsw,simple,tags,16,32,200,20,1,43,10,0.8793,28436.5,0.0352,0.0559,14.797,69804440,698
hnsw,simple,tags,16,32,200,40,1,43,10,0.9438,16709.8,0.0598,0.0891,14.797,69804440,698
hnsw,simple,tags,16,32,200,80,1,43,10,0.9805,9566.6,0.1045,0.1492,14.797,69804440,698
hnsw,simple,tags,16,32,200,160,1,43,10,0.9935,5410.5,0.1848,0.2535,14.797,69804440,698
hnsw,simple,tags,16,32,200,320,1,43,10,0.9977,3052.3,0.3276,0.4658,14.797,69804440,698
hnsw,heuristic,tags,16,32,200,10,1,43,10,0.7872,44747.0,0.0223,0.0380,16.485,69804440,698
hnsw,heuristic,tags,16,32,200,20,1,43,10,0.8988,27192.4,0.0368,0.0566,16.485,69804440,698
hnsw,heuristic,tags,16,32,200,40,1,43,10,0.9663,15787.6,0.0633,0.0940,16.485,69804440,698
hnsw,heuristic,tags,16,32,200,80,1,43,10,0.9935,8884.7,0.1126,0.1547,16.485,69804440,698
hnsw,heuristic,tags,16,32,200,160,1,43,10,0.9991,4987.1,0.2005,0.2720,16.485,69804440,698
hnsw,heuristic,tags,16,32,200,320,1,43,10,0.9999,2829.6,0.3534,0.4858,16.485,69804440,698
exact,,,,,,,2,44,10,1.0000,919.2,1.0879,1.1917,,51200000,512
hnsw,simple,tags,16,32,200,10,2,44,10,0.7805,46020.1,0.0217,0.0395,14.945,69825324,698
hnsw,simple,tags,16,32,200,20,2,44,10,0.8793,28482.8,0.0351,0.0550,14.945,69825324,698
hnsw,simple,tags,16,32,200,40,2,44,10,0.9437,16824.9,0.0594,0.0891,14.945,69825324,698
hnsw,simple,tags,16,32,200,80,2,44,10,0.9795,9567.8,0.1045,0.1557,14.945,69825324,698
hnsw,simple,tags,16,32,200,160,2,44,10,0.9932,5434.4,0.1840,0.2614,14.945,69825324,698
hnsw,simple,tags,16,32,200,320,2,44,10,0.9976,3057.3,0.3271,0.4579,14.945,69825324,698
hnsw,heuristic,tags,16,32,200,10,2,44,10,0.7831,42719.0,0.0234,0.0406,16.487,69825324,698
hnsw,heuristic,tags,16,32,200,20,2,44,10,0.8966,26738.7,0.0374,0.0563,16.487,69825324,698
hnsw,heuristic,tags,16,32,200,40,2,44,10,0.9656,15589.4,0.0641,0.0904,16.487,69825324,698
hnsw,heuristic,tags,16,32,200,80,2,44,10,0.9935,8803.6,0.1136,0.1527,16.487,69825324,698
hnsw,heuristic,tags,16,32,200,160,2,44,10,0.9991,4815.2,0.2077,0.2914,16.487,69825324,698
hnsw,heuristic,tags,16,32,200,320,2,44,10,0.9999,2809.4,0.3560,0.4825,16.487,69825324,698
