# vektor-bench run --data data/sift-100k.vkd --runs 3 --commit 8384f58 --M 8,16,32 --out results/sift-100k.csv
# date: 2026-10-03T22:17:44Z
# commit: 8384f58
# dataset: 100000 base vectors, 1000 queries, dim 128, l2
# cpu: Apple M2
# cores: 8 (4 performance)
# ram: 8.0 GB
# os: Darwin 25.6.0 arm64 (macOS 26.6.2)
# compiler: clang 21.0.0 (clang-2100.1.1.101)
# flags: Release: -O3 -DNDEBUG -fopenmp-simd -march=native
algo,select,visited,M,M_max0,ef_construction,ef_search,run,seed,k,recall,qps,mean_ms,p99_ms,build_s,memory_bytes,bytes_per_vector
exact,,,,,,,0,42,10,1.0000,919.3,1.0878,1.2248,,51200000,512
hnsw,heuristic,tags,8,16,200,10,0,42,10,0.6872,64342.8,0.0155,0.0270,11.745,63642160,636
hnsw,heuristic,tags,8,16,200,20,0,42,10,0.8154,39543.0,0.0253,0.0397,11.745,63642160,636
hnsw,heuristic,tags,8,16,200,40,0,42,10,0.9164,23400.2,0.0427,0.0635,11.745,63642160,636
hnsw,heuristic,tags,8,16,200,80,0,42,10,0.9731,13346.7,0.0749,0.1042,11.745,63642160,636
hnsw,heuristic,tags,8,16,200,160,0,42,10,0.9928,7359.1,0.1359,0.1835,11.745,63642160,636
hnsw,heuristic,tags,8,16,200,320,0,42,10,0.9989,3809.9,0.2625,0.3900,11.745,63642160,636
hnsw,heuristic,tags,16,32,200,10,0,42,10,0.7938,46589.5,0.0215,0.0364,14.861,69796528,697
hnsw,heuristic,tags,16,32,200,20,0,42,10,0.9067,28499.0,0.0351,0.0545,14.861,69796528,697
hnsw,heuristic,tags,16,32,200,40,0,42,10,0.9675,16876.4,0.0593,0.0848,14.861,69796528,697
hnsw,heuristic,tags,16,32,200,80,0,42,10,0.9925,9574.2,0.1044,0.1440,14.861,69796528,697
hnsw,heuristic,tags,16,32,200,160,0,42,10,0.9988,5386.0,0.1857,0.2622,14.861,69796528,697
hnsw,heuristic,tags,16,32,200,320,0,42,10,0.9999,3049.9,0.3279,0.4646,14.861,69796528,697
hnsw,heuristic,tags,32,64,200,10,0,42,10,0.8397,39091.6,0.0256,0.0420,16.518,82493896,824
hnsw,heuristic,tags,32,64,200,20,0,42,10,0.9339,23836.7,0.0420,0.0652,16.518,82493896,824
hnsw,heuristic,tags,32,64,200,40,0,42,10,0.9810,12510.4,0.0799,0.1241,16.518,82493896,824
hnsw,heuristic,tags,32,64,200,80,0,42,10,0.9973,7846.8,0.1274,0.1835,16.518,82493896,824
hnsw,heuristic,tags,32,64,200,160,0,42,10,0.9993,4541.8,0.2202,0.3259,16.518,82493896,824
hnsw,heuristic,tags,32,64,200,320,0,42,10,0.9999,2476.3,0.4038,0.6238,16.518,82493896,824
exact,,,,,,,1,43,10,1.0000,894.0,1.1186,1.3084,,51200000,512
hnsw,heuristic,tags,8,16,200,10,1,43,10,0.6858,63038.4,0.0159,0.0280,12.249,63649780,636
hnsw,heuristic,tags,8,16,200,20,1,43,10,0.8194,38839.0,0.0257,0.0403,12.249,63649780,636
hnsw,heuristic,tags,8,16,200,40,1,43,10,0.9186,23316.7,0.0429,0.0629,12.249,63649780,636
hnsw,heuristic,tags,8,16,200,80,1,43,10,0.9728,13087.6,0.0764,0.1056,12.249,63649780,636
hnsw,heuristic,tags,8,16,200,160,1,43,10,0.9924,7141.2,0.1400,0.1895,12.249,63649780,636
hnsw,heuristic,tags,8,16,200,320,1,43,10,0.9987,3999.0,0.2501,0.3402,12.249,63649780,636
hnsw,heuristic,tags,16,32,200,10,1,43,10,0.7985,44799.2,0.0223,0.0418,15.317,69804440,698
hnsw,heuristic,tags,16,32,200,20,1,43,10,0.9059,28374.2,0.0352,0.0537,15.317,69804440,698
hnsw,heuristic,tags,16,32,200,40,1,43,10,0.9664,16617.3,0.0602,0.0821,15.317,69804440,698
hnsw,heuristic,tags,16,32,200,80,1,43,10,0.9923,9480.1,0.1055,0.1434,15.317,69804440,698
hnsw,heuristic,tags,16,32,200,160,1,43,10,0.9988,5356.7,0.1867,0.2617,15.317,69804440,698
hnsw,heuristic,tags,16,32,200,320,1,43,10,0.9999,2856.7,0.3501,0.5639,15.317,69804440,698
hnsw,heuristic,tags,32,64,200,10,1,43,10,0.8447,35368.1,0.0283,0.0488,18.519,82487500,824
hnsw,heuristic,tags,32,64,200,20,1,43,10,0.9322,22568.3,0.0443,0.0694,18.519,82487500,824
hnsw,heuristic,tags,32,64,200,40,1,43,10,0.9801,13112.5,0.0763,0.1137,18.519,82487500,824
hnsw,heuristic,tags,32,64,200,80,1,43,10,0.9973,7773.2,0.1286,0.1917,18.519,82487500,824
hnsw,heuristic,tags,32,64,200,160,1,43,10,0.9993,4251.5,0.2352,0.3650,18.519,82487500,824
hnsw,heuristic,tags,32,64,200,320,1,43,10,0.9999,2444.1,0.4092,0.6495,18.519,82487500,824
exact,,,,,,,2,44,10,1.0000,873.4,1.1449,1.3868,,51200000,512
hnsw,heuristic,tags,8,16,200,10,2,44,10,0.6888,63553.6,0.0157,0.0278,12.002,63657400,636
hnsw,heuristic,tags,8,16,200,20,2,44,10,0.8200,37863.9,0.0264,0.0429,12.002,63657400,636
hnsw,heuristic,tags,8,16,200,40,2,44,10,0.9230,21849.3,0.0458,0.0747,12.002,63657400,636
hnsw,heuristic,tags,8,16,200,80,2,44,10,0.9729,12425.1,0.0805,0.1204,12.002,63657400,636
hnsw,heuristic,tags,8,16,200,160,2,44,10,0.9926,6881.2,0.1453,0.2132,12.002,63657400,636
hnsw,heuristic,tags,8,16,200,320,2,44,10,0.9987,3722.3,0.2687,0.4302,12.002,63657400,636
hnsw,heuristic,tags,16,32,200,10,2,44,10,0.7977,35826.1,0.0279,0.0590,16.234,69825324,698
hnsw,heuristic,tags,16,32,200,20,2,44,10,0.9082,24094.8,0.0415,0.0790,16.234,69825324,698
hnsw,heuristic,tags,16,32,200,40,2,44,10,0.9673,14423.5,0.0693,0.1097,16.234,69825324,698
hnsw,heuristic,tags,16,32,200,80,2,44,10,0.9925,8659.8,0.1155,0.1755,16.234,69825324,698
hnsw,heuristic,tags,16,32,200,160,2,44,10,0.9989,4852.2,0.2061,0.3318,16.234,69825324,698
hnsw,heuristic,tags,16,32,200,320,2,44,10,0.9999,2999.2,0.3334,0.4718,16.234,69825324,698
hnsw,heuristic,tags,32,64,200,10,2,44,10,0.8403,38893.0,0.0257,0.0451,17.609,82489528,824
hnsw,heuristic,tags,32,64,200,20,2,44,10,0.9340,23650.3,0.0423,0.0675,17.609,82489528,824
hnsw,heuristic,tags,32,64,200,40,2,44,10,0.9809,13633.9,0.0733,0.1091,17.609,82489528,824
hnsw,heuristic,tags,32,64,200,80,2,44,10,0.9973,7860.2,0.1272,0.1891,17.609,82489528,824
hnsw,heuristic,tags,32,64,200,160,2,44,10,0.9994,4277.4,0.2338,0.3695,17.609,82489528,824
hnsw,heuristic,tags,32,64,200,320,2,44,10,0.9999,2515.7,0.3975,0.6046,17.609,82489528,824
