# vektor-bench run --runs 3 --commit 3411832 --data data/sift-100k.vkd --visited tags,hash --out results/sift-100k-visited.csv
# date: 2026-10-05T15:18:13Z
# commit: 3411832
# dataset: 100000 base vectors, 1000 queries, dim 128, l2
# cpu: Apple M2
# cores: 8 (4 performance)
# ram: 8.0 GB
# os: Darwin 25.6.0 arm64 (macOS 26.6.2)
# compiler: clang 21.0.0 (clang-2100.1.1.101)
# flags: Release: -O3 -DNDEBUG -fopenmp-simd -march=native
algo,select,visited,M,M_max0,ef_construction,ef_search,run,seed,k,recall,qps,mean_ms,p99_ms,build_s,memory_bytes,bytes_per_vector
exact,,,,,,,0,42,10,1.0000,919.8,1.0872,1.2157,,51200000,512
hnsw,heuristic,tags,16,32,200,10,0,42,10,0.7907,43886.4,0.0228,0.0378,16.449,69796528,697
hnsw,heuristic,tags,16,32,200,20,0,42,10,0.8985,26975.3,0.0371,0.0535,16.449,69796528,697
hnsw,heuristic,tags,16,32,200,40,0,42,10,0.9654,15572.9,0.0642,0.0926,16.449,69796528,697
hnsw,heuristic,tags,16,32,200,80,0,42,10,0.9934,8673.7,0.1153,0.1559,16.449,69796528,697
hnsw,heuristic,tags,16,32,200,160,0,42,10,0.9991,5006.0,0.1998,0.2784,16.449,69796528,697
hnsw,heuristic,tags,16,32,200,320,0,42,10,0.9999,2839.1,0.3522,0.4723,16.449,69796528,697
hnsw,heuristic,hash,16,32,200,10,0,42,10,0.7907,29213.7,0.0342,0.0563,16.449,69796528,697
hnsw,heuristic,hash,16,32,200,20,0,42,10,0.8985,17776.4,0.0563,0.0798,16.449,69796528,697
hnsw,heuristic,hash,16,32,200,40,0,42,10,0.9654,10302.9,0.0971,0.1335,16.449,69796528,697
hnsw,heuristic,hash,16,32,200,80,0,42,10,0.9934,5734.8,0.1744,0.2360,16.449,69796528,697
hnsw,heuristic,hash,16,32,200,160,0,42,10,0.9991,3169.2,0.3155,0.4118,16.449,69796528,697
hnsw,heuristic,hash,16,32,200,320,0,42,10,0.9999,1743.3,0.5736,0.7706,16.449,69796528,697
exact,,,,,,,1,43,10,1.0000,920.0,1.0869,1.1885,,51200000,512
hnsw,heuristic,tags,16,32,200,10,1,43,10,0.7872,44244.6,0.0226,0.0360,16.421,69804440,698
hnsw,heuristic,tags,16,32,200,20,1,43,10,0.8988,26782.5,0.0373,0.0549,16.421,69804440,698
hnsw,heuristic,tags,16,32,200,40,1,43,10,0.9663,15615.9,0.0640,0.0915,16.421,69804440,698
hnsw,heuristic,tags,16,32,200,80,1,43,10,0.9935,8815.8,0.1134,0.1575,16.421,69804440,698
hnsw,heuristic,tags,16,32,200,160,1,43,10,0.9991,4958.6,0.2017,0.2687,16.421,69804440,698
hnsw,heuristic,tags,16,32,200,320,1,43,10,0.9999,2805.2,0.3565,0.4856,16.421,69804440,698
hnsw,heuristic,hash,16,32,200,10,1,43,10,0.7872,29011.2,0.0345,0.0575,16.421,69804440,698
hnsw,heuristic,hash,16,32,200,20,1,43,10,0.8988,17570.4,0.0569,0.0861,16.421,69804440,698
hnsw,heuristic,hash,16,32,200,40,1,43,10,0.9663,10176.6,0.0983,0.1386,16.421,69804440,698
hnsw,heuristic,hash,16,32,200,80,1,43,10,0.9935,5697.1,0.1755,0.2340,16.421,69804440,698
hnsw,heuristic,hash,16,32,200,160,1,43,10,0.9991,3143.0,0.3182,0.4376,16.421,69804440,698
hnsw,heuristic,hash,16,32,200,320,1,43,10,0.9999,1734.9,0.5764,0.7615,16.421,69804440,698
exact,,,,,,,2,44,10,1.0000,917.4,1.0900,1.1961,,51200000,512
hnsw,heuristic,tags,16,32,200,10,2,44,10,0.7831,43529.5,0.0230,0.0384,16.379,69825324,698
hnsw,heuristic,tags,16,32,200,20,2,44,10,0.8966,26816.2,0.0373,0.0570,16.379,69825324,698
hnsw,heuristic,tags,16,32,200,40,2,44,10,0.9656,15511.1,0.0645,0.0884,16.379,69825324,698
hnsw,heuristic,tags,16,32,200,80,2,44,10,0.9935,8831.7,0.1132,0.1560,16.379,69825324,698
hnsw,heuristic,tags,16,32,200,160,2,44,10,0.9991,4975.9,0.2010,0.2767,16.379,69825324,698
hnsw,heuristic,tags,16,32,200,320,2,44,10,0.9999,2814.3,0.3553,0.4864,16.379,69825324,698
hnsw,heuristic,hash,16,32,200,10,2,44,10,0.7831,28564.2,0.0350,0.0591,16.379,69825324,698
hnsw,heuristic,hash,16,32,200,20,2,44,10,0.8966,17479.3,0.0572,0.0870,16.379,69825324,698
hnsw,heuristic,hash,16,32,200,40,2,44,10,0.9656,10212.1,0.0979,0.1371,16.379,69825324,698
hnsw,heuristic,hash,16,32,200,80,2,44,10,0.9935,5689.4,0.1758,0.2409,16.379,69825324,698
hnsw,heuristic,hash,16,32,200,160,2,44,10,0.9991,3152.6,0.3172,0.4181,16.379,69825324,698
hnsw,heuristic,hash,16,32,200,320,2,44,10,0.9999,1741.7,0.5741,0.7560,16.379,69825324,698
