# vektor-bench run --runs 3 --commit 3411832 --data synthetic-16 --ef-search 10,20,40,80,160,320,640,1280 --out results/synthetic-16.csv
# date: 2026-10-05T15:26:58Z
# commit: 3411832
# dataset: 100000 base vectors, 1000 queries, dim 128, l2
# cpu: Apple M2
# cores: 8 (4 performance)
# ram: 8.0 GB
# os: Darwin 25.6.0 arm64 (macOS 26.6.2)
# compiler: clang 21.0.0 (clang-2100.1.1.101)
# flags: Release: -O3 -DNDEBUG -fopenmp-simd -march=native
algo,select,visited,M,M_max0,ef_construction,ef_search,run,seed,k,recall,qps,mean_ms,p99_ms,build_s,memory_bytes,bytes_per_vector
exact,,,,,,,0,42,10,1.0000,893.3,1.1194,1.3944,,51200000,512
hnsw,heuristic,tags,16,32,200,10,0,42,10,0.7321,38683.3,0.0259,0.0408,20.291,69796528,697
hnsw,heuristic,tags,16,32,200,20,0,42,10,0.8711,23726.5,0.0421,0.0606,20.291,69796528,697
hnsw,heuristic,tags,16,32,200,40,0,42,10,0.9618,13608.3,0.0735,0.0935,20.291,69796528,697
hnsw,heuristic,tags,16,32,200,80,0,42,10,0.9946,7551.8,0.1324,0.1629,20.291,69796528,697
hnsw,heuristic,tags,16,32,200,160,0,42,10,0.9999,4131.8,0.2420,0.2841,20.291,69796528,697
hnsw,heuristic,tags,16,32,200,320,0,42,10,1.0000,2245.4,0.4453,0.5183,20.291,69796528,697
hnsw,heuristic,tags,16,32,200,640,0,42,10,1.0000,1228.9,0.8138,0.9276,20.291,69796528,697
hnsw,heuristic,tags,16,32,200,1280,0,42,10,1.0000,683.8,1.4624,1.6442,20.291,69796528,697
exact,,,,,,,1,43,10,1.0000,916.4,1.0912,1.1980,,51200000,512
hnsw,heuristic,tags,16,32,200,10,1,43,10,0.7305,38336.2,0.0261,0.0395,20.130,69804440,698
hnsw,heuristic,tags,16,32,200,20,1,43,10,0.8747,23830.7,0.0420,0.0570,20.130,69804440,698
hnsw,heuristic,tags,16,32,200,40,1,43,10,0.9628,13356.6,0.0749,0.0983,20.130,69804440,698
hnsw,heuristic,tags,16,32,200,80,1,43,10,0.9949,7420.4,0.1348,0.1698,20.130,69804440,698
hnsw,heuristic,tags,16,32,200,160,1,43,10,0.9999,4084.7,0.2448,0.2998,20.130,69804440,698
hnsw,heuristic,tags,16,32,200,320,1,43,10,1.0000,2247.3,0.4450,0.5179,20.130,69804440,698
hnsw,heuristic,tags,16,32,200,640,1,43,10,1.0000,1208.4,0.8275,1.1089,20.130,69804440,698
hnsw,heuristic,tags,16,32,200,1280,1,43,10,1.0000,685.1,1.4597,1.6233,20.130,69804440,698
exact,,,,,,,2,44,10,1.0000,915.8,1.0920,1.1980,,51200000,512
hnsw,heuristic,tags,16,32,200,10,2,44,10,0.7354,39841.8,0.0251,0.0380,20.117,69825324,698
hnsw,heuristic,tags,16,32,200,20,2,44,10,0.8724,24312.5,0.0411,0.0567,20.117,69825324,698
hnsw,heuristic,tags,16,32,200,40,2,44,10,0.9622,13843.3,0.0722,0.0917,20.117,69825324,698
hnsw,heuristic,tags,16,32,200,80,2,44,10,0.9948,7632.8,0.1310,0.1625,20.117,69825324,698
hnsw,heuristic,tags,16,32,200,160,2,44,10,0.9999,4154.5,0.2407,0.2860,20.117,69825324,698
hnsw,heuristic,tags,16,32,200,320,2,44,10,1.0000,2273.6,0.4398,0.5056,20.117,69825324,698
hnsw,heuristic,tags,16,32,200,640,2,44,10,1.0000,1244.9,0.8033,0.8973,20.117,69825324,698
hnsw,heuristic,tags,16,32,200,1280,2,44,10,1.0000,692.0,1.4450,1.6106,20.117,69825324,698
